rank,team,win%,signed,avg_age,active,dead,total_cap,cap_space(all),year
1,Jacksonville Jaguars,0.176,58,25.48,"$126,905,443 ","$23,625,065 ","$180,473,269 ","$28,496,887 ",2021.00
2,Los Angeles Chargers,0.529,52,26.5,"$144,105,845 ","$6,073,247 ","$167,237,647 ","$24,492,880 ",2021.00
3,Philadelphia Eagles,0.529,62,25.32,"$101,610,988 ","$63,769,525 ","$189,181,452 ","$17,817,323 ",2021.00
4,Denver Broncos,0.412,55,25.78,"$107,269,390 ","$37,144,693 ","$188,343,846 ","$12,465,470 ",2021.00
5,Seattle Seahawks,0.412,57,26.35,"$137,955,994 ","$13,921,645 ","$172,703,125 ","$11,228,110 ",2021.00
6,Pittsburgh Steelers,0.559,54,25.8,"$125,664,123 ","$30,380,017 ","$177,407,130 ","$10,042,925 ",2021.00
7,Cleveland Browns,0.471,56,25.59,"$126,473,899 ","$29,003,079 ","$202,441,273 ","$9,468,418 ",2021.00
8,Houston Texans,0.235,56,26.8,"$115,736,939 ","$48,012,147 ","$186,825,534 ","$7,643,225 ",2021.00
9,Washington Football Team,0.412,56,25.68,"$108,019,140 ","$22,258,385 ","$193,566,718 ","$6,172,203 ",2021.00
10,Tennessee Titans,0.706,56,27,"$141,092,116 ","$30,830,452 ","$184,416,734 ","$6,128,963 ",2021.00
11,New England Patriots,0.588,59,26.97,"$147,576,468 ","$33,592,321 ","$200,573,159 ","$5,239,388 ",2021.00
12,New York Jets,0.235,55,25.42,"$88,174,985 ","$35,850,220 ","$205,736,640 ","$4,861,174 ",2021.00
13,Green Bay Packers,0.765,58,26.03,"$162,492,766 ","$10,739,283 ","$181,317,830 ","$4,856,188 ",2021.00
14,Carolina Panthers,0.294,56,25.84,"$96,749,377 ","$53,966,463 ","$181,771,931 ","$4,745,701 ",2021.00
15,Dallas Cowboys,0.706,58,26.22,"$167,631,750 ","$27,047,455 ","$205,327,031 ","$4,635,488 ",2021.00
16,Indianapolis Colts,0.529,57,26.25,"$170,516,313 ","$6,736,780 ","$187,137,746 ","$3,897,651 ",2021.00
17,Cincinnati Bengals,0.588,61,26,"$154,339,838 ","$18,929,965 ","$191,727,639 ","$3,410,636 ",2021.00
18,Kansas City Chiefs,0.706,54,26.43,"$160,366,274 ","$17,790,771 ","$185,112,146 ","$3,320,964 ",2021.00
19,New York Giants,0.235,49,26.08,"$121,896,505 ","$19,015,015 ","$182,521,051 ","$2,972,804 ",2021.00
20,Los Angeles Rams,0.706,54,25.94,"$121,817,078 ","$49,435,215 ","$184,237,454 ","$2,861,687 ",2021.00
21,Miami Dolphins,0.529,55,25.89,"$149,454,584 ","$24,429,950 ","$195,163,942 ","$2,019,904 ",2021.00
22,Chicago Bears,0.353,53,27.38,"$128,620,134 ","$26,298,749 ","$188,749,384 ","$1,383,458 ",2021.00
23,Detroit Lions,0.206,56,24.98,"$76,519,893 ","$67,101,393 ","$196,592,545 ","$1,134,882 ",2021.00
24,Tampa Bay Buccaneers,0.765,57,27.58,"$149,094,323 ","$11,189,876 ","$181,119,199 ","$931,909 ",2021.00
25,Arizona Cardinals,0.647,56,27.29,"$153,976,241 ","$15,710,653 ","$191,127,625 ","$913,352 ",2021.00
26,Buffalo Bills,0.647,55,26.49,"$165,548,697 ","$9,888,567 ","$187,711,864 ","$665,095 ",2021.00
27,San Francisco 49ers,0.588,55,26.85,"$138,172,427 ","$23,504,522 ","$195,101,014 ","$662,008 ",2021.00
28,Las Vegas Raiders,0.588,54,26.41,"$129,494,524 ","$36,524,563 ","$189,930,974 ","$296,100 ",2021.00
29,New Orleans Saints,0.529,54,26.69,"$107,680,541 ","$49,107,949 ","$185,212,258 ","$278,246 ",2021.00
30,Baltimore Ravens,0.471,56,27.13,"$113,199,729 ","$19,685,331 ","$182,781,957 ","$265,482 ",2021.00
31,Atlanta Falcons,0.412,55,26.67,"$141,096,481 ","$30,323,910 ","$185,499,791 ","($493,883)",2021.00
32,Minnesota Vikings,0.471,56,25.98,"$118,144,787 ","$25,570,247 ","$188,620,675 ","($1,346,576)",2021.00
1,Cleveland Browns,0.688,52,25.73,"$143,629,461 ","$17,823,323 ","$199,101,772 ","$29,598,375 ",2020.00
2,Dallas Cowboys,0.375,52,25.92,"$108,629,975 ","$26,324,902 ","$191,282,501 ","$26,454,777 ",2020.00
3,New York Jets,0.125,53,25.25,"$86,529,089 ","$53,587,595 ","$182,498,749 ","$24,566,915 ",2020.00
4,New England Patriots,0.438,53,26.62,"$103,996,819 ","$31,129,552 ","$186,649,624 ","$24,007,947 ",2020.00
5,Jacksonville Jaguars,0.063,54,25.11,"$87,879,404 ","$49,890,275 ","$184,288,252 ","$23,369,347 ",2020.00
6,Philadelphia Eagles,0.281,52,25.83,"$140,155,537 ","$23,648,938 ","$200,593,459 ","$21,506,475 ",2020.00
7,Denver Broncos,0.313,53,25.62,"$102,374,592 ","$25,389,390 ","$195,780,141 ","$18,179,309 ",2020.00
8,Washington Football Team,0.438,53,26.11,"$131,896,856 ","$31,222,041 ","$193,135,405 ","$15,959,850 ",2020.00
9,Miami Dolphins,0.625,53,25.43,"$156,504,710 ","$39,015,271 ","$202,755,153 ","$14,969,340 ",2020.00
10,Detroit Lions,0.313,52,26.79,"$136,316,057 ","$29,102,142 ","$201,274,115 ","$13,034,055 ",2020.00
11,Cincinnati Bengals,0.281,54,26.2,"$115,462,613 ","$19,508,445 ","$197,637,354 ","$10,809,739 ",2020.00
12,Indianapolis Colts,0.688,53,25.77,"$187,851,538 ","$17,354,055 ","$231,385,518 ","$8,513,188 ",2020.00
13,Chicago Bears,0.5,53,26.91,"$163,818,846 ","$17,053,964 ","$204,713,154 ","$7,811,988 ",2020.00
14,Los Angeles Rams,0.625,53,25.66,"$153,700,759 ","$38,466,148 ","$196,611,667 ","$7,270,935 ",2020.00
15,Houston Texans,0.25,55,26.25,"$141,313,765 ","$23,481,796 ","$210,781,361 ","$7,232,473 ",2020.00
16,Baltimore Ravens,0.688,53,26.75,"$135,700,177 ","$22,407,744 ","$190,989,245 ","$6,920,153 ",2020.00
17,Los Angeles Chargers,0.438,55,25.53,"$134,191,380 ","$14,320,352 ","$195,831,178 ","$6,579,270 ",2020.00
18,Pittsburgh Steelers,0.75,54,26.28,"$146,851,577 ","$14,551,441 ","$194,669,953 ","$6,026,871 ",2020.00
19,Las Vegas Raiders,0.5,53,26.32,"$165,917,480 ","$11,226,368 ","$214,145,655 ","$5,860,656 ",2020.00
20,New York Giants,0.375,53,25.92,"$149,574,151 ","$21,341,139 ","$192,619,204 ","$4,820,488 ",2020.00
21,Carolina Panthers,0.313,53,25.98,"$119,293,249 ","$54,072,638 ","$204,039,300 ","$4,433,177 ",2020.00
22,Tampa Bay Buccaneers,0.688,54,27.07,"$185,308,315 ","$7,804,140 ","$199,841,623 ","$4,263,627 ",2020.00
23,Kansas City Chiefs,0.875,51,26.14,"$182,730,257 ","$18,090,810 ","$216,749,367 ","$4,193,094 ",2020.00
24,Green Bay Packers,0.813,52,25.96,"$165,749,106 ","$8,741,462 ","$199,876,795 ","$4,058,809 ",2020.00
25,San Francisco 49ers,0.375,55,26.44,"$101,109,577 ","$16,677,649 ","$202,659,073 ","$4,030,878 ",2020.00
26,New Orleans Saints,0.75,53,27,"$161,365,733 ","$22,442,304 ","$193,994,032 ","$4,008,698 ",2020.00
27,Tennessee Titans,0.688,51,26.82,"$135,619,326 ","$31,743,410 ","$216,614,008 ","$3,752,451 ",2020.00
28,Buffalo Bills,0.813,52,26.73,"$200,165,512 ","$12,669,540 ","$218,228,694 ","$2,648,254 ",2020.00
29,Atlanta Falcons,0.25,54,26.74,"$166,160,239 ","$30,106,983 ","$199,335,990 ","$2,570,690 ",2020.00
30,Minnesota Vikings,0.438,52,25.58,"$112,701,789 ","$36,982,158 ","$195,029,407 ","$2,364,928 ",2020.00
31,Arizona Cardinals,0.5,53,26.7,"$134,848,837 ","$16,289,298 ","$194,162,965 ","$2,364,707 ",2020.00
32,Seattle Seahawks,0.75,52,26.56,"$166,465,242 ","$16,453,168 ","$200,893,810 ","($1,255,714)",2020.00
1,Indianapolis Colts,0.438,53,25.68,"$142,403,804 ","$24,497,343 ","$196,100,572 ","$41,745,481 ",2019.00
2,Cleveland Browns,0.375,53,25.23,"$156,151,812 ","$32,279,494 ","$212,753,859 ","$32,328,127 ",2019.00
3,Philadelphia Eagles,0.563,52,25.87,"$118,556,337 ","$21,682,104 ","$170,362,399 ","$28,538,697 ",2019.00
4,Buffalo Bills,0.625,53,26.87,"$152,820,449 ","$16,935,454 ","$174,804,987 ","$25,621,283 ",2019.00
5,Kansas City Chiefs,0.75,53,26.66,"$135,179,512 ","$20,952,726 ","$166,507,002 ","$23,408,500 ",2019.00
6,Miami Dolphins,0.313,54,25.39,"$60,872,168 ","$66,915,649 ","$175,757,955 ","$21,380,539 ",2019.00
7,Tennessee Titans,0.563,52,26.08,"$152,774,763 ","$13,858,861 ","$197,086,185 ","$20,789,952 ",2019.00
8,Oakland Raiders,0.438,52,25.63,"$119,535,791 ","$23,379,046 ","$173,145,802 ","$19,778,721 ",2019.00
9,Dallas Cowboys,0.5,52,26.63,"$148,849,800 ","$10,331,548 ","$182,367,508 ","$18,360,084 ",2019.00
10,Detroit Lions,0.219,53,25.81,"$93,511,403 ","$15,128,283 ","$176,627,499 ","$17,783,369 ",2019.00
11,Houston Texans,0.625,53,26.55,"$145,821,737 ","$27,378,439 ","$198,106,556 ","$16,210,695 ",2019.00
12,New York Jets,0.438,53,26.04,"$96,678,757 ","$27,627,375 ","$188,464,903 ","$14,024,951 ",2019.00
13,Washington Redskins,0.188,53,26.02,"$78,588,363 ","$13,310,481 ","$180,627,946 ","$12,923,089 ",2019.00
14,Denver Broncos,0.438,52,25.29,"$105,297,174 ","$31,913,480 ","$182,229,585 ","$12,726,531 ",2019.00
15,Chicago Bears,0.5,53,26.25,"$140,944,391 ","$10,501,014 ","$182,861,976 ","$12,031,237 ",2019.00
16,Seattle Seahawks,0.688,51,26.24,"$131,014,550 ","$26,351,929 ","$184,894,364 ","$11,890,797 ",2019.00
17,Cincinnati Bengals,0.125,52,25.94,"$132,358,691 ","$13,714,635 ","$184,954,951 ","$11,228,791 ",2019.00
18,Jacksonville Jaguars,0.375,53,25.3,"$122,743,628 ","$36,694,954 ","$190,540,169 ","$10,868,564 ",2019.00
19,San Francisco 49ers,0.813,53,26.08,"$166,552,577 ","$25,590,420 ","$220,650,341 ","$10,581,233 ",2019.00
20,Tampa Bay Buccaneers,0.438,53,25.98,"$150,155,466 ","$10,905,630 ","$184,939,978 ","$10,019,020 ",2019.00
21,Carolina Panthers,0.313,53,26.43,"$117,133,265 ","$14,566,817 ","$183,306,165 ","$9,040,974 ",2019.00
22,Los Angeles Rams,0.563,53,25.62,"$162,333,485 ","$13,604,018 ","$180,977,365 ","$8,439,201 ",2019.00
23,Atlanta Falcons,0.438,52,26.63,"$132,338,075 ","$18,699,611 ","$184,246,919 ","$5,492,872 ",2019.00
24,New England Patriots,0.75,53,27.58,"$156,633,955 ","$25,721,180 ","$194,988,547 ","$5,384,876 ",2019.00
25,Green Bay Packers,0.813,53,26.15,"$163,872,581 ","$18,461,901 ","$191,756,597 ","$5,328,829 ",2019.00
26,Los Angeles Chargers,0.313,53,26.36,"$155,395,193 ","$9,015,689 ","$184,097,522 ","$2,968,982 ",2019.00
27,New Orleans Saints,0.813,52,26.73,"$153,202,407 ","$22,045,611 ","$187,888,357 ","$2,116,308 ",2019.00
28,Arizona Cardinals,0.344,53,25.83,"$118,348,287 ","$50,898,166 ","$192,019,927 ","$1,585,204 ",2019.00
29,New York Giants,0.25,53,25.66,"$125,098,384 ","$55,156,416 ","$194,612,924 ","$1,492,067 ",2019.00
30,Minnesota Vikings,0.625,51,26.1,"$177,166,406 ","$8,379,795 ","$191,016,955 ","$805,215 ",2019.00
31,Pittsburgh Steelers,0.5,53,25.68,"$129,754,417 ","$34,440,395 ","$206,404,929 ","$493,991 ",2019.00
32,Baltimore Ravens,0.875,53,26.83,"$139,521,776 ","$30,289,731 ","$190,028,527 ","($2,323,572)",2019.00
1,Cleveland Browns,0.469,53,25.38,"$142,452,164 ","$25,921,273 ","$181,948,164 ","$54,164,796 ",2018.00
2,Indianapolis Colts,0.625,52,25.52,"$116,290,378 ","$12,803,242 ","$144,247,844 ","$49,789,659 ",2018.00
3,San Francisco 49ers,0.25,54,25.41,"$99,114,405 ","$27,399,690 ","$199,312,951 ","$33,935,479 ",2018.00
4,Tennessee Titans,0.563,53,26.38,"$117,854,426 ","$13,200,252 ","$182,398,711 ","$25,140,608 ",2018.00
5,Pittsburgh Steelers,0.594,53,26.04,"$130,326,198 ","$8,162,296 ","$161,685,116 ","$19,555,944 ",2018.00
6,New York Jets,0.25,52,25.62,"$109,047,126 ","$25,987,196 ","$176,796,047 ","$17,725,853 ",2018.00
7,Houston Texans,0.688,53,25.72,"$140,536,221 ","$15,491,141 ","$172,088,725 ","$15,060,484 ",2018.00
8,Dallas Cowboys,0.625,52,25.48,"$121,164,619 ","$32,554,792 ","$173,992,050 ","$11,082,724 ",2018.00
9,Baltimore Ravens,0.625,53,26.3,"$150,160,923 ","$14,609,080 ","$170,531,630 ","$9,943,487 ",2018.00
10,Buffalo Bills,0.375,53,26.43,"$104,008,378 ","$70,343,254 ","$179,596,576 ","$9,186,883 ",2018.00
11,Cincinnati Bengals,0.375,53,25.6,"$112,195,970 ","$9,127,166 ","$180,326,765 ","$8,456,694 ",2018.00
12,Miami Dolphins,0.438,53,26.36,"$123,506,032 ","$20,095,019 ","$170,259,550 ","$7,009,611 ",2018.00
13,New York Giants,0.313,53,26.04,"$117,538,663 ","$43,897,862 ","$170,980,782 ","$6,584,539 ",2018.00
14,Jacksonville Jaguars,0.313,53,25.58,"$140,722,671 ","$20,737,620 ","$198,450,085 ","$6,518,654 ",2018.00
15,Philadelphia Eagles,0.563,53,26.83,"$136,119,127 ","$14,907,511 ","$171,556,674 ","$6,157,735 ",2018.00
16,Oakland Raiders,0.25,53,26.11,"$115,252,545 ","$28,994,233 ","$178,870,237 ","$5,956,643 ",2018.00
17,Washington Redskins,0.438,53,26.28,"$102,905,158 ","$14,621,935 ","$172,795,336 ","$5,889,026 ",2018.00
18,Arizona Cardinals,0.188,53,25.91,"$107,921,249 ","$40,226,555 ","$172,915,077 ","$5,886,709 ",2018.00
19,Detroit Lions,0.375,53,26.64,"$109,575,685 ","$24,645,116 ","$175,496,566 ","$5,854,745 ",2018.00
20,Denver Broncos,0.375,53,25.66,"$114,730,854 ","$26,980,844 ","$181,619,996 ","$5,788,205 ",2018.00
21,Green Bay Packers,0.406,53,25.55,"$124,176,442 ","$14,982,444 ","$175,766,368 ","$5,368,150 ",2018.00
22,Chicago Bears,0.75,53,25.96,"$151,948,529 ","$15,403,260 ","$179,461,788 ","$5,347,070 ",2018.00
23,Atlanta Falcons,0.438,53,27.49,"$141,338,061 ","$9,172,909 ","$173,654,866 ","$4,666,533 ",2018.00
24,New England Patriots,0.688,52,27.54,"$155,807,993 ","$10,991,148 ","$175,832,665 ","$4,379,937 ",2018.00
25,Kansas City Chiefs,0.75,52,25.96,"$143,955,068 ","$22,862,302 ","$176,891,845 ","$2,908,155 ",2018.00
26,Seattle Seahawks,0.625,53,25.77,"$124,852,499 ","$22,740,742 ","$175,111,279 ","$2,635,991 ",2018.00
27,Los Angeles Chargers,0.75,53,26.25,"$144,473,149 ","$15,367,556 ","$177,286,710 ","$2,535,340 ",2018.00
28,Tampa Bay Buccaneers,0.313,53,26.04,"$157,768,609 ","$11,163,023 ","$189,900,886 ","$2,494,782 ",2018.00
29,Los Angeles Rams,0.813,53,25.89,"$158,606,483 ","$16,825,476 ","$179,876,692 ","$1,637,802 ",2018.00
30,New Orleans Saints,0.813,51,26.63,"$138,920,060 ","$22,778,103 ","$176,019,524 ","$1,467,541 ",2018.00
31,Minnesota Vikings,0.531,52,26.1,"$172,283,838 ","$7,110,150 ","$189,851,422 ","$1,077,781 ",2018.00
32,Carolina Panthers,0.438,53,26.91,"$138,090,418 ","$12,588,681 ","$184,421,777 ","($2,821,461)",2018.00
1,Cleveland Browns,nan,53,24.42,"$77,946,523 ","$46,236,097 ","$156,664,052 ","$59,915,427 ",2017.00
2,San Francisco 49ers,nan,53,26.11,"$78,589,073 ","$39,433,149 ","$145,364,821 ","$59,518,214 ",2017.00
3,Jacksonville Jaguars,nan,53,25.72,"$151,852,626 ","$11,295,119 ","$171,292,956 ","$34,574,646 ",2017.00
4,Tennessee Titans,nan,53,27.13,"$149,109,415 ","$8,068,695 ","$161,252,092 ","$29,388,759 ",2017.00
5,New York Jets,nan,53,25.4,"$98,416,921 ","$20,767,457 ","$144,902,320 ","$22,199,908 ",2017.00
6,Tampa Bay Buccaneers,nan,53,26.47,"$125,106,587 ","$7,223,802 ","$153,756,128 ","$18,797,828 ",2017.00
7,Indianapolis Colts,nan,53,25.53,"$90,264,198 ","$27,574,758 ","$156,274,655 ","$18,303,815 ",2017.00
8,Minnesota Vikings,nan,53,26.38,"$117,742,794 ","$11,934,841 ","$153,553,781 ","$16,153,930 ",2017.00
9,Houston Texans,nan,53,26.09,"$99,775,402 ","$13,806,954 ","$159,828,404 ","$12,580,320 ",2017.00
10,Buffalo Bills,nan,52,26.79,"$104,955,026 ","$28,929,576 ","$154,567,897 ","$12,422,000 ",2017.00
11,Los Angeles Chargers,nan,53,26.21,"$127,034,223 ","$18,816,665 ","$157,638,663 ","$11,949,256 ",2017.00
12,Denver Broncos,nan,53,25.83,"$121,736,835 ","$5,457,705 ","$156,404,109 ","$11,413,689 ",2017.00
13,Cincinnati Bengals,nan,52,25.62,"$128,091,070 ","$4,148,865 ","$161,691,563 ","$11,193,103 ",2017.00
14,Oakland Raiders,nan,53,26.19,"$144,377,592 ","$4,390,741 ","$164,442,467 ","$9,775,008 ",2017.00
15,Dallas Cowboys,nan,54,25.5,"$114,468,318 ","$26,658,546 ","$159,808,251 ","$9,111,598 ",2017.00
16,Detroit Lions,nan,52,26.04,"$130,190,524 ","$10,914,815 ","$161,081,019 ","$7,312,612 ",2017.00
17,Chicago Bears,nan,53,26.09,"$110,629,152 ","$13,239,031 ","$167,722,301 ","$6,689,489 ",2017.00
18,Green Bay Packers,nan,53,25.55,"$115,603,840 ","$12,069,022 ","$168,491,403 ","$6,583,373 ",2017.00
19,Pittsburgh Steelers,nan,53,26.32,"$145,814,413 ","$11,859,437 ","$163,380,183 ","$5,498,476 ",2017.00
20,Los Angeles Rams,nan,53,25.43,"$137,063,130 ","$10,001,580 ","$156,886,564 ","$5,094,547 ",2017.00
21,Baltimore Ravens,nan,53,26.51,"$112,215,774 ","$21,993,528 ","$158,870,983 ","$4,540,933 ",2017.00
22,Carolina Panthers,nan,51,27.39,"$144,363,005 ","$12,130,270 ","$175,448,311 ","$4,483,933 ",2017.00
23,New England Patriots,nan,52,27.21,"$129,468,455 ","$7,226,565 ","$163,713,427 ","$3,847,061 ",2017.00
24,Philadelphia Eagles,nan,53,26.45,"$130,626,348 ","$19,582,640 ","$172,566,936 ","$3,776,455 ",2017.00
25,Arizona Cardinals,nan,53,27.04,"$104,474,970 ","$7,526,798 ","$169,351,526 ","$2,475,592 ",2017.00
26,Kansas City Chiefs,nan,51,26.25,"$135,438,141 ","$16,051,403 ","$167,778,858 ","$2,374,735 ",2017.00
27,Washington Redskins,nan,54,26.04,"$114,359,646 ","$12,634,355 ","$174,807,970 ","$1,758,695 ",2017.00
28,Seattle Seahawks,nan,53,25.98,"$126,625,244 ","$7,356,310 ","$167,367,602 ","$1,741,563 ",2017.00
29,Atlanta Falcons,nan,53,26.83,"$147,393,869 ","$8,459,139 ","$166,313,787 ","$1,594,641 ",2017.00
30,New Orleans Saints,nan,51,26.1,"$97,762,121 ","$25,613,267 ","$161,717,460 ","$1,434,963 ",2017.00
31,New York Giants,nan,54,25.59,"$104,596,283 ","$10,080,895 ","$167,429,914 ","$288,932 ",2017.00
32,Miami Dolphins,nan,53,26.23,"$102,474,406 ","$20,045,967 ","$171,947,683 ","$38,597 ",2017.00
1,Cleveland Browns,nan,55,25.09,"$81,775,809 ","$35,204,018 ","$130,222,141 ","$46,464,153 ",2016.00
2,San Francisco 49ers,nan,53,26.13,"$84,921,427 ","$12,127,985 ","$134,002,183 ","$42,579,751 ",2016.00
3,Jacksonville Jaguars,nan,52,25.54,"$109,679,864 ","$5,108,643 ","$150,459,217 ","$39,842,493 ",2016.00
4,Tennessee Titans,nan,53,26.47,"$116,118,046 ","$18,508,957 ","$150,462,723 ","$25,895,103 ",2016.00
5,Carolina Panthers,nan,53,26.75,"$98,999,535 ","$13,186,584 ","$139,231,900 ","$18,761,241 ",2016.00
6,Washington Redskins,nan,53,26.64,"$117,003,811 ","$16,723,788 ","$146,116,126 ","$15,847,898 ",2016.00
7,Miami Dolphins,nan,50,26.16,"$98,532,410 ","$17,521,239 ","$151,387,347 ","$15,379,972 ",2016.00
8,New York Giants,nan,53,26.43,"$127,295,586 ","$15,250,316 ","$154,901,229 ","$12,418,930 ",2016.00
9,New England Patriots,nan,53,26.28,"$117,616,342 ","$17,529,572 ","$147,674,888 ","$11,967,563 ",2016.00
10,Philadelphia Eagles,nan,52,26.42,"$119,020,957 ","$24,179,418 ","$151,957,894 ","$9,612,468 ",2016.00
11,New Orleans Saints,nan,53,27.19,"$86,319,212 ","$42,124,429 ","$146,288,954 ","$9,273,108 ",2016.00
12,Green Bay Packers,nan,51,25.69,"$134,428,984 ","$4,663,529 ","$154,207,025 ","$9,232,264 ",2016.00
13,Chicago Bears,nan,53,25.81,"$73,471,561 ","$12,797,351 ","$148,323,553 ","$8,265,326 ",2016.00
14,Indianapolis Colts,nan,53,26.47,"$114,015,686 ","$17,189,353 ","$152,482,343 ","$8,126,686 ",2016.00
15,Detroit Lions,nan,53,26.47,"$116,112,911 ","$24,654,669 ","$149,718,669 ","$7,592,547 ",2016.00
16,Denver Broncos,nan,53,25.68,"$112,742,090 ","$15,138,349 ","$147,213,128 ","$6,881,913 ",2016.00
17,Dallas Cowboys,nan,51,26.69,"$139,363,235 ","$3,235,487 ","$152,736,923 ","$6,524,260 ",2016.00
18,Cincinnati Bengals,nan,53,26.51,"$121,320,842 ","$3,968,637 ","$156,396,246 ","$6,281,306 ",2016.00
19,Pittsburgh Steelers,nan,53,26.25,"$120,047,251 ","$11,747,670 ","$151,419,973 ","$6,209,005 ",2016.00
20,Los Angeles Rams,nan,53,25.3,"$109,645,297 ","$21,365,306 ","$149,657,650 ","$6,007,539 ",2016.00
21,Kansas City Chiefs,nan,53,25.57,"$116,014,324 ","$14,189,760 ","$152,511,280 ","$5,444,650 ",2016.00
22,Tampa Bay Buccaneers,nan,54,25.85,"$120,636,046 ","$6,310,844 ","$155,725,098 ","$5,413,268 ",2016.00
23,Houston Texans,nan,53,26.57,"$115,226,229 ","$8,653,110 ","$152,060,968 ","$5,125,112 ",2016.00
24,Buffalo Bills,nan,53,26.43,"$112,497,692 ","$18,773,045 ","$152,340,574 ","$5,035,157 ",2016.00
25,Atlanta Falcons,nan,52,27.06,"$112,615,074 ","$26,026,281 ","$153,820,903 ","$4,980,768 ",2016.00
26,Seattle Seahawks,nan,51,26.14,"$120,240,932 ","$14,163,211 ","$150,301,345 ","$4,221,582 ",2016.00
27,Baltimore Ravens,nan,53,26.66,"$115,846,569 ","$15,341,537 ","$150,959,443 ","$4,219,312 ",2016.00
28,Oakland Raiders,nan,53,26.26,"$142,746,501 ","$9,198,592 ","$164,335,096 ","$3,997,657 ",2016.00
29,Arizona Cardinals,nan,53,25.96,"$111,290,277 ","$13,722,653 ","$155,855,865 ","$3,112,551 ",2016.00
30,San Diego Chargers,nan,53,26,"$101,639,984 ","$13,365,371 ","$155,470,367 ","$1,304,400 ",2016.00
31,Minnesota Vikings,nan,53,26.57,"$119,127,210 ","$7,538,635 ","$157,201,886 ","($287,169)",2016.00
32,New York Jets,nan,54,25.46,"$97,375,558 ","$16,874,389 ","$158,083,299 ","($554,565)",2016.00
1,Jacksonville Jaguars,nan,53,25.6,"$107,546,334 ","$9,582,465 ","$136,130,404 ","$32,355,703 ",2015.00
2,Tennessee Titans,nan,54,25.8,"$90,472,606 ","$17,866,172 ","$128,662,671 ","$25,690,907 ",2015.00
3,Cleveland Browns,nan,53,25.77,"$102,057,621 ","$7,054,744 ","$139,647,560 ","$22,119,840 ",2015.00
4,New York Giants,nan,53,26.25,"$78,694,040 ","$15,599,806 ","$128,321,422 ","$15,090,461 ",2015.00
5,Oakland Raiders,nan,54,26.44,"$94,352,516 ","$16,688,813 ","$137,071,838 ","$14,800,918 ",2015.00
6,San Francisco 49ers,nan,52,25.62,"$74,501,722 ","$29,094,100 ","$136,740,459 ","$13,115,521 ",2015.00
7,Tampa Bay Buccaneers,nan,53,25.83,"$86,632,966 ","$25,305,733 ","$133,567,282 ","$11,342,607 ",2015.00
8,Dallas Cowboys,nan,52,26.06,"$80,128,732 ","$19,218,914 ","$137,816,498 ","$10,761,815 ",2015.00
9,Atlanta Falcons,nan,53,26.83,"$99,720,594 ","$22,469,541 ","$136,236,065 ","$10,012,750 ",2015.00
10,Green Bay Packers,nan,52,25.75,"$125,157,906 ","$5,436,397 ","$141,856,037 ","$9,615,069 ",2015.00
11,Philadelphia Eagles,nan,53,26.7,"$123,889,910 ","$19,396,358 ","$150,325,196 ","$9,547,182 ",2015.00
12,Indianapolis Colts,nan,52,27.23,"$108,214,835 ","$14,263,153 ","$143,402,177 ","$9,021,215 ",2015.00
13,Cincinnati Bengals,nan,53,26.49,"$134,100,760 ","$4,848,065 ","$143,913,511 ","$8,216,924 ",2015.00
14,Miami Dolphins,nan,52,25.38,"$90,566,641 ","$30,559,418 ","$144,878,936 ","$8,048,001 ",2015.00
15,Buffalo Bills,nan,53,25.87,"$91,749,336 ","$13,643,764 ","$138,342,172 ","$7,731,712 ",2015.00
16,Washington Redskins,nan,52,26.65,"$97,790,178 ","$13,087,081 ","$139,789,532 ","$6,802,213 ",2015.00
17,Pittsburgh Steelers,nan,53,26.81,"$95,331,909 ","$20,143,726 ","$138,860,441 ","$5,198,028 ",2015.00
18,Denver Broncos,nan,53,26.72,"$134,668,943 ","$6,148,288 ","$145,098,899 ","$4,967,125 ",2015.00
19,Kansas City Chiefs,nan,52,26.1,"$104,438,587 ","$21,535,333 ","$141,444,281 ","$4,699,919 ",2015.00
20,Carolina Panthers,nan,53,26.96,"$121,004,274 ","$15,374,865 ","$145,230,447 ","$4,141,190 ",2015.00
21,St. Louis Rams,nan,53,25.4,"$94,007,833 ","$11,478,046 ","$140,686,890 ","$3,986,497 ",2015.00
22,Baltimore Ravens,nan,52,25.98,"$65,521,036 ","$24,009,341 ","$141,217,050 ","$3,914,077 ",2015.00
23,Arizona Cardinals,nan,52,26.63,"$120,691,340 ","$12,809,409 ","$144,707,976 ","$3,807,890 ",2015.00
24,Chicago Bears,nan,53,26.21,"$89,976,736 ","$29,022,282 ","$141,512,728 ","$3,655,706 ",2015.00
25,Houston Texans,nan,52,26.1,"$102,642,525 ","$17,423,845 ","$142,403,116 ","$3,622,630 ",2015.00
26,New England Patriots,nan,52,26.04,"$96,415,003 ","$19,484,524 ","$141,316,422 ","$3,261,662 ",2015.00
27,New York Jets,nan,53,26.7,"$135,479,685 ","$8,255,570 ","$153,010,332 ","$3,139,062 ",2015.00
28,Minnesota Vikings,nan,53,26.13,"$118,160,753 ","$9,150,229 ","$147,022,479 ","$2,605,481 ",2015.00
29,San Diego Chargers,nan,53,26.6,"$91,395,667 ","$16,995,532 ","$140,814,655 ","$2,157,957 ",2015.00
30,New Orleans Saints,nan,53,27.08,"$93,560,943 ","$34,853,706 ","$143,214,027 ","$1,878,403 ",2015.00
31,Detroit Lions,nan,53,26.53,"$107,062,153 ","$21,236,686 ","$143,215,794 ","$1,102,197 ",2015.00
32,Seattle Seahawks,nan,53,26.36,"$114,840,985 ","$19,635,133 ","$147,364,599 ","$893,139 ",2015.00
1,Jacksonville Jaguars,nan,53,25.32,"$87,789,968 ","$21,765,907 ","$129,184,374 ","$22,591,120 ",2014.00
2,Cleveland Browns,nan,55,25.82,"$97,109,089 ","$20,541,725 ","$135,401,214 ","$21,516,542 ",2014.00
3,New York Jets,nan,53,26.26,"$93,006,628 ","$19,245,928 ","$118,345,094 ","$15,764,146 ",2014.00
4,Philadelphia Eagles,nan,52,26.5,"$109,773,474 ","$10,210,533 ","$134,781,802 ","$14,518,147 ",2014.00
5,Tennessee Titans,nan,53,26.74,"$86,808,075 ","$12,688,893 ","$127,601,550 ","$11,304,261 ",2014.00
6,Cincinnati Bengals,nan,55,26.53,"$115,809,145 ","$5,142,081 ","$131,642,102 ","$10,021,378 ",2014.00
7,Indianapolis Colts,nan,52,27.15,"$95,599,118 ","$5,902,931 ","$123,726,021 ","$9,627,074 ",2014.00
8,Miami Dolphins,nan,51,26.18,"$104,746,850 ","$8,367,964 ","$142,455,998 ","$8,166,415 ",2014.00
9,Green Bay Packers,nan,54,25.91,"$123,610,693 ","$5,477,890 ","$134,037,242 ","$7,783,967 ",2014.00
10,Baltimore Ravens,nan,52,26.25,"$96,142,927 ","$14,865,768 ","$124,870,620 ","$6,715,305 ",2014.00
11,Oakland Raiders,nan,55,26.55,"$78,110,193 ","$17,835,002 ","$124,442,456 ","$6,465,447 ",2014.00
12,Seattle Seahawks,nan,54,26.07,"$96,775,515 ","$17,968,453 ","$130,434,083 ","$5,432,457 ",2014.00
13,Carolina Panthers,nan,53,26.34,"$88,019,888 ","$27,093,734 ","$133,399,423 ","$5,275,511 ",2014.00
14,New England Patriots,nan,53,26.28,"$102,677,088 ","$18,665,581 ","$134,321,836 ","$4,787,215 ",2014.00
15,San Francisco 49ers,nan,53,26.58,"$91,263,936 ","$10,210,497 ","$131,507,823 ","$3,975,960 ",2014.00
16,Dallas Cowboys,nan,51,26.14,"$87,696,782 ","$28,302,882 ","$130,227,376 ","$3,647,552 ",2014.00
17,Minnesota Vikings,nan,54,25.63,"$88,042,001 ","$8,766,804 ","$130,020,129 ","$3,515,388 ",2014.00
18,Buffalo Bills,nan,53,25.98,"$110,273,422 ","$27,015,831 ","$147,684,870 ","$2,899,870 ",2014.00
19,Atlanta Falcons,nan,54,26.61,"$103,552,592 ","$11,065,205 ","$133,009,495 ","$2,734,439 ",2014.00
20,Arizona Cardinals,nan,53,26.32,"$84,558,619 ","$15,708,766 ","$133,228,945 ","$2,626,620 ",2014.00
21,Houston Texans,nan,53,26.06,"$97,907,252 ","$20,990,794 ","$132,043,412 ","$2,419,818 ",2014.00
22,Pittsburgh Steelers,nan,53,26.68,"$113,996,593 ","$13,435,466 ","$131,947,647 ","$2,300,803 ",2014.00
23,Tampa Bay Buccaneers,nan,53,25.89,"$94,061,905 ","$13,814,575 ","$137,116,892 ","$2,219,889 ",2014.00
24,Kansas City Chiefs,nan,53,26.23,"$96,516,582 ","$9,407,748 ","$132,717,955 ","$1,750,188 ",2014.00
25,Chicago Bears,nan,54,26.39,"$81,640,084 ","$18,280,705 ","$131,432,644 ","$1,574,311 ",2014.00
26,New Orleans Saints,nan,54,26.8,"$101,345,281 ","$16,327,000 ","$131,772,234 ","$1,012,683 ",2014.00
27,Denver Broncos,nan,52,26.27,"$120,462,699 ","$9,683,329 ","$135,247,626 ","$1,002,072 ",2014.00
28,San Diego Chargers,nan,54,26.76,"$94,825,621 ","$16,440,510 ","$134,236,725 ","$891,116 ",2014.00
29,St. Louis Rams,nan,53,25.55,"$91,476,742 ","$8,402,953 ","$131,027,131 ","$796,398 ",2014.00
30,New York Giants,nan,54,26.41,"$84,943,487 ","$12,642,349 ","$131,935,198 ","$80,748 ",2014.00
31,Detroit Lions,nan,54,26.8,"$112,293,516 ","$9,379,143 ","$132,391,778 ","($169,226)",2014.00
32,Washington Redskins,nan,53,26.19,"$89,595,971 ","$16,633,031 ","$132,411,712 ","($750,444)",2014.00
1,Cleveland Browns,nan,52,25.29,"$80,881,583 ","$13,777,043 ","$110,066,758 ","$28,145,707 ",2013.00
2,Jacksonville Jaguars,nan,53,25.32,"$66,805,513 ","$35,388,734 ","$120,190,441 ","$25,972,675 ",2013.00
3,Philadelphia Eagles,nan,53,26.13,"$108,049,086 ","$12,059,097 ","$126,997,784 ","$20,416,885 ",2013.00
4,Buffalo Bills,nan,55,26,"$93,306,218 ","$18,337,408 ","$115,151,649 ","$18,626,769 ",2013.00
5,Miami Dolphins,nan,53,26.11,"$81,123,929 ","$12,900,362 ","$112,354,370 ","$16,972,957 ",2013.00
6,Carolina Panthers,nan,53,26.96,"$72,439,817 ","$18,630,934 ","$110,531,645 ","$16,804,736 ",2013.00
7,Green Bay Packers,nan,52,25.69,"$100,707,865 ","$3,119,288 ","$120,681,853 ","$11,243,878 ",2013.00
8,Tennessee Titans,nan,53,26.42,"$106,689,368 ","$12,550,074 ","$127,458,573 ","$8,853,340 ",2013.00
9,Cincinnati Bengals,nan,52,26.37,"$92,938,874 ","$8,141,422 ","$127,066,245 ","$7,964,686 ",2013.00
10,Denver Broncos,nan,53,26.98,"$96,535,491 ","$11,883,003 ","$133,202,250 ","$7,662,741 ",2013.00
11,Tampa Bay Buccaneers,nan,51,26.04,"$92,060,376 ","$14,407,084 ","$127,779,333 ","$7,532,389 ",2013.00
12,Arizona Cardinals,nan,52,27.17,"$92,369,539 ","$18,449,362 ","$120,046,145 ","$7,517,270 ",2013.00
13,Oakland Raiders,nan,54,26.33,"$56,659,660 ","$55,371,535 ","$121,534,233 ","$6,252,808 ",2013.00
14,New England Patriots,nan,52,25.83,"$78,884,241 ","$16,932,929 ","$124,037,085 ","$6,219,259 ",2013.00
15,San Francisco 49ers,nan,51,26.9,"$108,616,465 ","$5,256,877 ","$122,183,675 ","$4,693,644 ",2013.00
16,New York Jets,nan,54,26.2,"$80,633,014 ","$23,236,993 ","$122,960,176 ","$4,672,561 ",2013.00
17,Dallas Cowboys,nan,54,25.89,"$72,038,158 ","$16,379,985 ","$116,240,089 ","$4,359,067 ",2013.00
18,Seattle Seahawks,nan,54,25.87,"$101,503,464 ","$8,368,013 ","$133,725,553 ","$4,082,572 ",2013.00
19,San Diego Chargers,nan,53,26.34,"$94,062,621 ","$12,298,555 ","$120,452,285 ","$3,665,563 ",2013.00
20,Washington Redskins,nan,53,26.75,"$88,700,032 ","$5,291,972 ","$107,385,220 ","$3,301,013 ",2013.00
21,Chicago Bears,nan,55,27.18,"$101,899,959 ","$6,199,751 ","$127,169,835 ","$2,843,420 ",2013.00
22,Detroit Lions,nan,52,26.73,"$91,836,977 ","$14,829,672 ","$119,769,260 ","$2,821,757 ",2013.00
23,Houston Texans,nan,53,25.83,"$77,438,733 ","$6,812,448 ","$123,826,813 ","$2,323,913 ",2013.00
24,New Orleans Saints,nan,54,26.7,"$93,318,045 ","$5,880,872 ","$123,794,167 ","$1,929,070 ",2013.00
25,Atlanta Falcons,nan,53,26.51,"$89,778,071 ","$17,155,771 ","$122,214,225 ","$1,672,075 ",2013.00
26,Minnesota Vikings,nan,54,26.07,"$117,391,509 ","$3,975,523 ","$129,239,778 ","$1,657,706 ",2013.00
27,Kansas City Chiefs,nan,52,25.94,"$114,803,016 ","$19,028,711 ","$136,631,412 ","$1,468,615 ",2013.00
28,Pittsburgh Steelers,nan,54,26.69,"$96,309,954 ","$10,959,576 ","$125,459,344 ","$67,467 ",2013.00
29,Baltimore Ravens,nan,53,26.26,"$103,969,958 ","$17,514,344 ","$124,106,848 ","($124,417)",2013.00
30,St. Louis Rams,nan,53,25.09,"$69,722,934 ","$14,665,104 ","$124,333,057 ","($1,062,720)",2013.00
31,Indianapolis Colts,nan,53,26.66,"$98,729,480 ","$10,847,687 ","$129,046,015 ","($3,531,741)",2013.00
32,New York Giants,nan,55,26.69,"$94,626,902 ","$8,936,393 ","$129,256,255 ","($4,564,971)",2013.00
1,Washington Redskins,nan,59,26.58,"$88,940,238 ","$6,742,361 ","$114,988,369 ","$5,611,631 ",2012.00
2,Oakland Raiders,nan,60,26.6,"$80,880,556 ","$21,364,932 ","$115,578,479 ","$5,021,521 ",2012.00
3,Minnesota Vikings,nan,56,25.86,"$101,179,587 ","$11,125,129 ","$115,613,275 ","$4,986,725 ",2012.00
4,Cincinnati Bengals,nan,54,25.94,"$90,753,643 ","$8,870,169 ","$117,198,478 ","$3,401,522 ",2012.00
5,Philadelphia Eagles,nan,59,25.98,"$89,390,050 ","$9,362,592 ","$117,751,466 ","$2,848,534 ",2012.00
6,Arizona Cardinals,nan,53,27.02,"$88,769,403 ","$10,106,042 ","$117,797,796 ","$2,802,204 ",2012.00
7,St. Louis Rams,nan,54,25.31,"$95,957,892 ","$13,546,574 ","$118,418,624 ","$2,181,376 ",2012.00
8,New Orleans Saints,nan,56,26.45,"$98,362,462 ","$5,890,903 ","$119,384,564 ","$1,215,436 ",2012.00
9,Green Bay Packers,nan,56,26.25,"$103,493,073 ","$4,704,831 ","$119,548,576 ","$1,051,424 ",2012.00
10,Tennessee Titans,nan,55,25.91,"$91,480,384 ","$1,712,920 ","$119,894,867 ","$705,133 ",2012.00
11,Indianapolis Colts,nan,54,25.87,"$75,488,533 ","$36,146,765 ","$121,595,398 ","($995,398)",2012.00
12,Miami Dolphins,nan,63,25.92,"$89,473,120 ","$12,090,206 ","$122,064,261 ","($1,464,261)",2012.00
13,Pittsburgh Steelers,nan,56,26.73,"$93,010,135 ","$10,419,367 ","$124,879,617 ","($4,279,617)",2012.00
14,Houston Texans,nan,58,26.52,"$99,812,333 ","$16,582,413 ","$125,095,710 ","($4,495,710)",2012.00
15,New York Giants,nan,55,26.58,"$115,366,005 ","$3,999,153 ","$125,514,604 ","($4,914,604)",2012.00
16,San Diego Chargers,nan,54,27.19,"$94,427,351 ","$9,913,147 ","$125,967,448 ","($5,367,448)",2012.00
17,Seattle Seahawks,nan,56,25.95,"$92,835,125 ","$22,989,653 ","$126,486,060 ","($5,886,060)",2012.00
18,Carolina Panthers,nan,53,25.83,"$89,824,130 ","$6,123,077 ","$126,838,460 ","($6,238,460)",2012.00
19,Atlanta Falcons,nan,53,26.79,"$103,035,944 ","$8,081,834 ","$127,157,256 ","($6,557,256)",2012.00
20,Cleveland Browns,nan,61,25.72,"$103,841,976 ","$7,046,772 ","$127,350,645 ","($6,750,645)",2012.00
21,New England Patriots,nan,62,26.35,"$101,160,267 ","$18,669,694 ","$127,977,650 ","($7,377,650)",2012.00
22,Chicago Bears,nan,58,27.22,"$110,878,054 ","$5,643,211 ","$128,921,164 ","($8,321,164)",2012.00
23,Jacksonville Jaguars,nan,57,26.67,"$94,060,155 ","$10,564,285 ","$129,343,398 ","($8,743,398)",2012.00
24,Baltimore Ravens,nan,56,26.8,"$101,262,723 ","$11,616,664 ","$129,390,498 ","($8,790,498)",2012.00
25,Dallas Cowboys,nan,58,26.5,"$96,795,939 ","$23,287,410 ","$131,577,799 ","($10,977,799)",2012.00
26,Buffalo Bills,nan,54,26.07,"$79,492,678 ","$21,541,495 ","$132,433,193 ","($11,833,193)",2012.00
27,Detroit Lions,nan,58,27.38,"$112,681,183 ","$737,228 ","$132,700,649 ","($12,100,649)",2012.00
28,Denver Broncos,nan,55,26.64,"$113,068,873 ","$8,109,179 ","$132,948,944 ","($12,348,944)",2012.00
29,New York Jets,nan,64,26.3,"$103,682,583 ","$6,049,895 ","$133,980,185 ","($13,380,185)",2012.00
30,San Francisco 49ers,nan,57,27.19,"$130,707,457 ","$559,014 ","$137,841,642 ","($17,241,642)",2012.00
31,Tampa Bay Buccaneers,nan,58,25.74,"$95,477,285 ","$4,318,472 ","$138,160,202 ","($17,560,202)",2012.00
32,Kansas City Chiefs,nan,59,26.32,"$113,243,727 ","$6,067,342 ","$144,411,474 ","($23,811,474)",2012.00
1,Jacksonville Jaguars,nan,66,26.15,"$85,794,323 ","$3,691,965 ","$92,484,955 ","$58,890,045 ",2011.00
2,Tampa Bay Buccaneers,nan,54,25,"$81,935,451 ","$5,681,948 ","$87,617,399 ","$56,257,601 ",2011.00
3,Kansas City Chiefs,nan,51,26.04,"$102,219,859 ","$548,893 ","$103,518,752 ","$40,866,248 ",2011.00
4,Denver Broncos,nan,58,26.12,"$96,117,160 ","$13,039,594 ","$109,156,754 ","$37,218,246 ",2011.00
5,Seattle Seahawks,nan,64,25.94,"$86,281,574 ","$20,219,362 ","$106,500,936 ","$34,974,064 ",2011.00
6,Dallas Cowboys,nan,55,26.18,"$92,121,660 ","$13,914,107 ","$106,035,767 ","$31,479,233 ",2011.00
7,Buffalo Bills,nan,50,26.28,"$70,276,772 ","$12,240,729 ","$108,312,929 ","$31,352,071 ",2011.00
8,Cincinnati Bengals,nan,56,26.11,"$100,359,460 ","$4,501,309 ","$108,249,005 ","$27,125,995 ",2011.00
9,Cleveland Browns,nan,47,26.4,"$95,915,724 ","$5,479,996 ","$103,645,720 ","$25,709,280 ",2011.00
10,San Francisco 49ers,nan,65,26.2,"$108,064,664 ","$6,052,094 ","$114,116,758 ","$22,758,242 ",2011.00
11,New England Patriots,nan,63,26.44,"$99,687,539 ","$5,354,244 ","$105,916,783 ","$21,118,217 ",2011.00
12,Chicago Bears,nan,58,26.14,"$100,736,630 ","$7,020,013 ","$107,756,643 ","$20,358,357 ",2011.00
13,New Orleans Saints,nan,46,26.2,"$96,762,948 ","$7,663,094 ","$104,654,042 ","$19,940,958 ",2011.00
14,St. Louis Rams,nan,56,26.2,"$102,575,914 ","$2,080,685 ","$105,468,977 ","$18,406,023 ",2011.00
15,Tennessee Titans,nan,59,25.88,"$110,414,324 ","$3,526,209 ","$113,940,533 ","$14,544,467 ",2011.00
16,Oakland Raiders,nan,52,26.42,"$105,625,393 ","$434,240 ","$110,171,162 ","$13,203,838 ",2011.00
17,Green Bay Packers,nan,59,25.71,"$112,438,083 ","$3,092,376 ","$115,530,459 ","$10,044,541 ",2011.00
18,Washington Redskins,nan,66,26.59,"$101,721,110 ","$16,229,148 ","$125,973,296 ","$7,901,704 ",2011.00
19,New York Jets,nan,64,26.05,"$112,187,718 ","$9,625,723 ","$121,813,441 ","$6,761,559 ",2011.00
20,Baltimore Ravens,nan,53,26.92,"$106,996,060 ","$3,966,847 ","$119,773,889 ","$6,401,111 ",2011.00
21,Philadelphia Eagles,nan,63,26.02,"$119,608,063 ","$6,229,232 ","$126,362,295 ","$4,912,705 ",2011.00
22,Indianapolis Colts,nan,58,26.31,"$111,723,832 ","$2,936,054 ","$118,187,238 ","$4,687,762 ",2011.00
23,Arizona Cardinals,nan,58,27.4,"$111,028,866 ","$4,742,656 ","$118,381,964 ","$3,993,036 ",2011.00
24,New York Giants,nan,65,26.42,"$115,157,173 ","$4,261,598 ","$119,706,771 ","$1,728,229 ",2011.00
25,Minnesota Vikings,nan,57,26.19,"$109,353,701 ","$2,872,156 ","$121,265,523 ","$1,059,477 ",2011.00
26,Houston Texans,nan,56,26.27,"$112,360,071 ","$5,243,762 ","$120,701,303 ","($326,303)",2011.00
27,Carolina Panthers,nan,65,25.66,"$118,717,431 ","$3,339,553 ","$123,832,984 ","($657,984)",2011.00
28,San Diego Chargers,nan,58,26.75,"$110,231,108 ","$2,175,001 ","$121,552,775 ","($1,177,775)",2011.00
29,Detroit Lions,nan,61,26.95,"$122,665,700 ","$1,088,426 ","$124,329,126 ","($2,654,126)",2011.00
30,Miami Dolphins,nan,62,26.29,"$113,956,396 ","$18,376,477 ","$132,332,873 ","($3,057,873)",2011.00
31,Pittsburgh Steelers,nan,69,26.44,"$112,245,403 ","$2,930,762 ","$124,320,023 ","($3,439,023)",2011.00
32,Atlanta Falcons,nan,53,27.25,"$116,684,491 ","$3,908,834 ","$125,643,878 ","($5,268,878)",2011.00
